window_days,threshold_mm,H,F,M,C,POD,FAR,CSI,HSS,ETS,FPR
1,16.0000,147,2187,172,13565,0.4608,0.9370,0.0587,0.0786,0.0409,0.1388
1,16.2000,145,2165,174,13587,0.4545,0.9372,0.0584,0.0782,0.0407,0.1374
1,16.4000,144,2144,175,13608,0.4514,0.9371,0.0585,0.0784,0.0408,0.1361
1,16.6000,144,2126,175,13626,0.4514,0.9366,0.0589,0.0792,0.0412,0.1350
1,16.8000,144,2099,175,13653,0.4514,0.9358,0.0596,0.0805,0.0419,0.1333
1,17.1000,142,2075,177,13677,0.4451,0.9359,0.0593,0.0801,0.0417,0.1317
1,17.3000,142,2053,177,13699,0.4451,0.9353,0.0599,0.0811,0.0423,0.1303
1,17.4000,140,2037,179,13715,0.4389,0.9357,0.0594,0.0803,0.0418,0.1293
1,17.6000,138,2014,181,13738,0.4326,0.9359,0.0592,0.0799,0.0416,0.1279
1,17.9000,137,1996,182,13756,0.4295,0.9358,0.0592,0.0800,0.0417,0.1267
1,18.2000,135,1967,184,13785,0.4232,0.9358,0.0591,0.0798,0.0416,0.1249
1,18.4000,135,1949,184,13803,0.4232,0.9352,0.0595,0.0807,0.0421,0.1237
1,18.6000,132,1927,187,13825,0.4138,0.9359,0.0588,0.0794,0.0413,0.1223
1,18.9000,132,1901,187,13851,0.4138,0.9351,0.0595,0.0807,0.0420,0.1207
1,19.1000,132,1878,187,13874,0.4138,0.9343,0.0601,0.0819,0.0427,0.1192
1,19.4000,130,1856,189,13896,0.4075,0.9345,0.0598,0.0814,0.0424,0.1178
1,19.7000,128,1828,191,13924,0.4013,0.9346,0.0596,0.0812,0.0423,0.1160
1,19.9000,126,1812,193,13940,0.3950,0.9350,0.0591,0.0803,0.0418,0.1150
1,20.2000,124,1793,195,13959,0.3887,0.9353,0.0587,0.0796,0.0414,0.1138
1,20.5000,122,1771,197,13981,0.3824,0.9356,0.0584,0.0790,0.0411,0.1124
1,20.8000,122,1749,197,14003,0.3824,0.9348,0.0590,0.0802,0.0418,0.1110
1,21.1000,119,1722,200,14030,0.3730,0.9354,0.0583,0.0790,0.0411,0.1093
1,21.3000,117,1706,202,14046,0.3668,0.9358,0.0578,0.0781,0.0406,0.1083
1,21.5000,117,1682,202,14070,0.3668,0.9350,0.0585,0.0794,0.0414,0.1068
1,21.8000,116,1659,203,14093,0.3636,0.9346,0.0586,0.0798,0.0416,0.1053
1,22.0000,116,1639,203,14113,0.3636,0.9339,0.0592,0.0810,0.0422,0.1041
1,22.3000,115,1610,204,14142,0.3605,0.9333,0.0596,0.0818,0.0426,0.1022
1,22.6000,115,1589,204,14163,0.3605,0.9325,0.0603,0.0830,0.0433,0.1009
1,22.9000,113,1569,206,14183,0.3542,0.9328,0.0599,0.0823,0.0429,0.0996
1,23.2000,112,1541,207,14211,0.3511,0.9322,0.0602,0.0831,0.0433,0.0978
1,23.4000,111,1528,208,14224,0.3480,0.9323,0.0601,0.0829,0.0432,0.0970
1,23.7000,111,1499,208,14253,0.3480,0.9311,0.0611,0.0848,0.0443,0.0952
1,23.9000,111,1483,208,14269,0.3480,0.9304,0.0616,0.0858,0.0448,0.0941
1,24.3000,111,1454,208,14298,0.3480,0.9291,0.0626,0.0878,0.0459,0.0923
1,24.7000,110,1432,209,14320,0.3448,0.9287,0.0628,0.0882,0.0461,0.0909
1,25.0000,108,1409,211,14343,0.3386,0.9288,0.0625,0.0877,0.0459,0.0894
1,25.3000,105,1387,214,14365,0.3292,0.9296,0.0615,0.0861,0.0450,0.0881
1,25.6000,103,1364,216,14388,0.3229,0.9298,0.0612,0.0855,0.0447,0.0866
1,25.9000,101,1343,218,14409,0.3166,0.9301,0.0608,0.0848,0.0443,0.0853
1,26.2000,99,1327,220,14425,0.3103,0.9306,0.0601,0.0837,0.0437,0.0842
1,26.6000,96,1297,223,14455,0.3009,0.9311,0.0594,0.0825,0.0430,0.0823
1,26.8000,95,1283,224,14469,0.2978,0.9311,0.0593,0.0824,0.0430,0.0814
1,27.2000,93,1262,226,14490,0.2915,0.9314,0.0588,0.0816,0.0425,0.0801
1,27.6000,93,1236,226,14516,0.2915,0.9300,0.0598,0.0835,0.0436,0.0785
1,27.9000,93,1221,226,14531,0.2915,0.9292,0.0604,0.0847,0.0442,0.0775
1,28.4000,93,1193,226,14559,0.2915,0.9277,0.0615,0.0868,0.0454,0.0757
1,28.9000,92,1168,227,14584,0.2884,0.9270,0.0619,0.0876,0.0458,0.0741
1,29.2000,89,1151,230,14601,0.2790,0.9282,0.0605,0.0853,0.0445,0.0731
1,29.6000,89,1128,230,14624,0.2790,0.9269,0.0615,0.0872,0.0456,0.0716
1,30.0000,87,1108,232,14644,0.2727,0.9272,0.0610,0.0863,0.0451,0.0703
1,30.5000,85,1085,234,14667,0.2665,0.9274,0.0605,0.0856,0.0447,0.0689
1,31.0000,85,1059,234,14693,0.2665,0.9257,0.0617,0.0879,0.0460,0.0672
1,31.4000,82,1039,237,14713,0.2571,0.9269,0.0604,0.0856,0.0447,0.0660
1,31.7000,81,1017,238,14735,0.2539,0.9262,0.0606,0.0862,0.0451,0.0646
1,32.1000,77,999,242,14753,0.2414,0.9284,0.0584,0.0823,0.0429,0.0634
1,32.5000,76,979,243,14773,0.2382,0.9280,0.0586,0.0827,0.0431,0.0622
1,33.0000,76,952,243,14800,0.2382,0.9261,0.0598,0.0851,0.0445,0.0604
1,33.4000,73,935,246,14817,0.2288,0.9276,0.0582,0.0824,0.0429,0.0594
1,34.0000,70,911,249,14841,0.2194,0.9286,0.0569,0.0801,0.0417,0.0578
1,34.4000,69,886,250,14866,0.2163,0.9277,0.0573,0.0810,0.0422,0.0562
1,35.0000,68,868,251,14884,0.2132,0.9274,0.0573,0.0812,0.0423,0.0551
1,35.5000,67,849,252,14903,0.2100,0.9269,0.0574,0.0815,0.0425,0.0539
1,35.9000,67,823,252,14929,0.2100,0.9247,0.0587,0.0841,0.0439,0.0522
1,36.3000,65,797,254,14955,0.2038,0.9246,0.0582,0.0835,0.0436,0.0506
1,36.7000,64,781,255,14971,0.2006,0.9243,0.0582,0.0836,0.0436,0.0496
1,37.3000,62,757,257,14995,0.1944,0.9243,0.0576,0.0828,0.0432,0.0481
1,37.9000,58,738,261,15014,0.1818,0.9271,0.0549,0.0779,0.0405,0.0469
1,38.7000,58,713,261,15039,0.1818,0.9248,0.0562,0.0806,0.0420,0.0453
1,39.2000,56,696,263,15056,0.1755,0.9255,0.0552,0.0789,0.0411,0.0442
1,39.9000,53,676,266,15076,0.1661,0.9273,0.0533,0.0756,0.0393,0.0429
1,40.6000,52,650,267,15102,0.1630,0.9259,0.0537,0.0767,0.0399,0.0413
1,41.3000,50,628,269,15124,0.1567,0.9263,0.0528,0.0753,0.0391,0.0399
1,41.9000,47,608,272,15144,0.1473,0.9282,0.0507,0.0717,0.0372,0.0386
1,42.6000,44,582,275,15170,0.1379,0.9297,0.0488,0.0686,0.0355,0.0369
1,43.1000,44,564,275,15188,0.1379,0.9276,0.0498,0.0707,0.0367,0.0358
1,44.2000,43,543,276,15209,0.1348,0.9266,0.0499,0.0712,0.0369,0.0345
1,45.1000,43,518,276,15234,0.1348,0.9234,0.0514,0.0743,0.0386,0.0329
1,46.0000,42,496,277,15256,0.1317,0.9219,0.0515,0.0750,0.0389,0.0315
1,47.0000,40,476,279,15276,0.1254,0.9225,0.0503,0.0731,0.0379,0.0302
1,48.1000,40,454,279,15298,0.1254,0.9190,0.0517,0.0761,0.0396,0.0288
1,49.0000,40,428,279,15324,0.1254,0.9145,0.0535,0.0799,0.0416,0.0272
1,50.2000,34,411,285,15341,0.1066,0.9236,0.0466,0.0674,0.0349,0.0261
1,51.2000,33,387,286,15365,0.1034,0.9214,0.0467,0.0683,0.0354,0.0246
1,52.3000,31,366,288,15386,0.0972,0.9219,0.0453,0.0660,0.0341,0.0232
1,53.5000,30,345,289,15407,0.0940,0.9200,0.0452,0.0664,0.0344,0.0219
1,55.0000,29,322,290,15430,0.0909,0.9174,0.0452,0.0672,0.0348,0.0204
1,56.2000,26,303,293,15449,0.0815,0.9210,0.0418,0.0613,0.0316,0.0192
1,57.4000,24,279,295,15473,0.0752,0.9208,0.0401,0.0590,0.0304,0.0177
1,58.7000,23,258,296,15494,0.0721,0.9181,0.0399,0.0592,0.0305,0.0164
1,60.7000,21,236,298,15516,0.0658,0.9183,0.0378,0.0562,0.0289,0.0150
1,63.1000,19,215,300,15537,0.0596,0.9188,0.0356,0.0528,0.0271,0.0136
1,64.5000,19,193,300,15559,0.0596,0.9104,0.0371,0.0566,0.0291,0.0123
1,66.9000,15,172,304,15580,0.0470,0.9198,0.0305,0.0453,0.0232,0.0109
1,69.8000,14,149,305,15603,0.0439,0.9141,0.0299,0.0453,0.0232,0.0095
1,73.7000,10,131,309,15621,0.0313,0.9291,0.0222,0.0317,0.0161,0.0083
1,77.3000,9,108,310,15644,0.0282,0.9231,0.0211,0.0310,0.0157,0.0069
1,81.7000,6,87,313,15665,0.0188,0.9355,0.0148,0.0203,0.0103,0.0055
1,88.6000,6,65,313,15687,0.0188,0.9155,0.0156,0.0237,0.0120,0.0041
1,94.8000,5,42,314,15710,0.0157,0.8936,0.0139,0.0223,0.0113,0.0027
1,109.7000,3,21,316,15731,0.0094,0.8750,0.0088,0.0148,0.0074,0.0013
2,29.3000,180,2494,139,13258,0.5643,0.9327,0.0640,0.0879,0.0460,0.1583
2,29.7000,178,2469,141,13283,0.5580,0.9328,0.0638,0.0877,0.0459,0.1567
2,29.9000,177,2450,142,13302,0.5549,0.9326,0.0639,0.0879,0.0460,0.1555
2,30.3000,174,2419,145,13333,0.5455,0.9329,0.0636,0.0872,0.0456,0.1536
2,30.6000,170,2403,149,13349,0.5329,0.9339,0.0625,0.0853,0.0445,0.1526
2,31.1000,169,2375,150,13377,0.5298,0.9336,0.0627,0.0858,0.0448,0.1508
2,31.4000,168,2353,151,13399,0.5266,0.9334,0.0629,0.0861,0.0450,0.1494
2,31.9000,165,2321,154,13431,0.5172,0.9336,0.0625,0.0855,0.0446,0.1473
2,32.2000,164,2301,155,13451,0.5141,0.9335,0.0626,0.0857,0.0448,0.1461
2,32.6000,162,2270,157,13482,0.5078,0.9334,0.0626,0.0857,0.0448,0.1441
2,32.8000,160,2255,159,13497,0.5016,0.9337,0.0622,0.0850,0.0444,0.1432
2,33.3000,156,2228,163,13524,0.4890,0.9346,0.0612,0.0833,0.0435,0.1414
2,33.7000,155,2202,164,13550,0.4859,0.9342,0.0615,0.0838,0.0437,0.1398
2,34.2000,152,2178,167,13574,0.4765,0.9348,0.0609,0.0827,0.0432,0.1383
2,34.7000,151,2152,168,13600,0.4734,0.9344,0.0611,0.0832,0.0434,0.1366
2,35.2000,149,2128,170,13624,0.4671,0.9346,0.0609,0.0829,0.0432,0.1351
2,35.7000,149,2103,170,13649,0.4671,0.9338,0.0615,0.0841,0.0439,0.1335
2,36.1000,149,2074,170,13678,0.4671,0.9330,0.0623,0.0855,0.0446,0.1317
2,36.6000,148,2046,171,13706,0.4639,0.9325,0.0626,0.0861,0.0450,0.1299
2,37.0000,147,2019,172,13733,0.4608,0.9321,0.0629,0.0867,0.0453,0.1282
2,37.5000,144,1997,175,13755,0.4514,0.9327,0.0622,0.0855,0.0446,0.1268
2,38.0000,144,1973,175,13779,0.4514,0.9320,0.0628,0.0867,0.0453,0.1253
2,38.5000,144,1944,175,13808,0.4514,0.9310,0.0636,0.0883,0.0462,0.1234
2,39.0000,143,1918,176,13834,0.4483,0.9306,0.0639,0.0888,0.0465,0.1218
2,39.4000,143,1892,176,13860,0.4483,0.9297,0.0647,0.0903,0.0473,0.1201
2,39.9000,140,1869,179,13883,0.4389,0.9303,0.0640,0.0891,0.0466,0.1187
2,40.5000,138,1844,181,13908,0.4326,0.9304,0.0638,0.0888,0.0465,0.1171
2,40.9000,136,1816,183,13936,0.4263,0.9303,0.0637,0.0887,0.0464,0.1153
2,41.1000,134,1800,185,13952,0.4201,0.9307,0.0632,0.0879,0.0460,0.1143
2,41.6000,134,1768,185,13984,0.4201,0.9295,0.0642,0.0897,0.0470,0.1122
2,41.9000,133,1742,186,14010,0.4169,0.9291,0.0645,0.0904,0.0473,0.1106
2,42.4000,131,1715,188,14037,0.4107,0.9290,0.0644,0.0902,0.0472,0.1089
2,42.8000,131,1693,188,14059,0.4107,0.9282,0.0651,0.0916,0.0480,0.1075
2,43.3000,130,1661,189,14091,0.4075,0.9274,0.0657,0.0926,0.0486,0.1054
2,43.6000,126,1645,193,14107,0.3950,0.9289,0.0642,0.0900,0.0471,0.1044
2,44.3000,121,1620,198,14132,0.3793,0.9305,0.0624,0.0868,0.0454,0.1028
2,45.2000,118,1593,201,14159,0.3699,0.9310,0.0617,0.0857,0.0447,0.1011
2,45.7000,117,1570,202,14182,0.3668,0.9306,0.0619,0.0861,0.0450,0.0997
2,46.2000,117,1543,202,14209,0.3668,0.9295,0.0628,0.0879,0.0460,0.0980
2,46.6000,114,1520,205,14232,0.3574,0.9302,0.0620,0.0864,0.0451,0.0965
2,47.0000,110,1499,209,14253,0.3448,0.9316,0.0605,0.0838,0.0437,0.0952
2,47.6000,110,1472,209,14280,0.3448,0.9305,0.0614,0.0855,0.0447,0.0934
2,48.0000,105,1449,214,14303,0.3292,0.9324,0.0594,0.0819,0.0427,0.0920
2,48.6000,102,1426,217,14326,0.3197,0.9332,0.0585,0.0802,0.0418,0.0905
2,49.2000,100,1399,219,14353,0.3135,0.9333,0.0582,0.0799,0.0416,0.0888
2,49.9000,99,1378,220,14374,0.3103,0.9330,0.0583,0.0802,0.0418,0.0875
2,50.6000,96,1349,223,14403,0.3009,0.9336,0.0576,0.0789,0.0411,0.0856
2,51.1000,94,1327,225,14425,0.2947,0.9338,0.0571,0.0782,0.0407,0.0842
2,51.6000,92,1302,227,14450,0.2884,0.9340,0.0568,0.0776,0.0404,0.0827
2,52.2000,92,1277,227,14475,0.2884,0.9328,0.0576,0.0794,0.0413,0.0811
2,53.1000,89,1251,230,14501,0.2790,0.9336,0.0567,0.0777,0.0404,0.0794
2,53.8000,88,1224,231,14528,0.2759,0.9329,0.0570,0.0785,0.0408,0.0777
2,54.4000,86,1203,233,14549,0.2696,0.9333,0.0565,0.0776,0.0404,0.0764
2,55.1000,84,1175,235,14577,0.2633,0.9333,0.0562,0.0772,0.0402,0.0746
2,55.6000,84,1151,235,14601,0.2633,0.9320,0.0571,0.0791,0.0412,0.0731
2,56.3000,83,1123,236,14629,0.2602,0.9312,0.0576,0.0800,0.0416,0.0713
2,57.1000,83,1096,236,14656,0.2602,0.9296,0.0587,0.0821,0.0428,0.0696
2,57.9000,80,1071,239,14681,0.2508,0.9305,0.0576,0.0803,0.0418,0.0680
2,58.7000,79,1045,240,14707,0.2476,0.9297,0.0579,0.0811,0.0423,0.0663
2,59.5000,76,1018,243,14734,0.2382,0.9305,0.0568,0.0793,0.0413,0.0646
2,60.3000,74,996,245,14756,0.2320,0.9308,0.0563,0.0784,0.0408,0.0632
2,60.9000,74,969,245,14783,0.2320,0.9291,0.0575,0.0807,0.0421,0.0615
2,62.0000,72,946,247,14806,0.2257,0.9293,0.0569,0.0799,0.0416,0.0601
2,62.7000,72,923,247,14829,0.2257,0.9276,0.0580,0.0820,0.0427,0.0586
2,63.5000,69,894,250,14858,0.2163,0.9283,0.0569,0.0802,0.0418,0.0568
2,64.6000,69,870,250,14882,0.2163,0.9265,0.0580,0.0825,0.0430,0.0552
2,65.5000,68,845,251,14907,0.2132,0.9255,0.0584,0.0834,0.0435,0.0536
2,66.4000,67,816,252,14936,0.2100,0.9241,0.0590,0.0848,0.0443,0.0518
2,67.2000,65,791,254,14961,0.2038,0.9241,0.0586,0.0842,0.0439,0.0502
2,68.1000,64,768,255,14984,0.2006,0.9231,0.0589,0.0849,0.0444,0.0488
2,69.0000,62,742,257,15010,0.1944,0.9229,0.0584,0.0844,0.0441,0.0471
2,69.8000,61,718,258,15034,0.1912,0.9217,0.0588,0.0853,0.0446,0.0456
2,71.2000,60,693,259,15059,0.1881,0.9203,0.0593,0.0865,0.0452,0.0440
2,72.4000,56,666,263,15086,0.1755,0.9224,0.0569,0.0823,0.0429,0.0423
2,73.4000,54,641,265,15111,0.1693,0.9223,0.0563,0.0815,0.0425,0.0407
2,74.3000,52,619,267,15133,0.1630,0.9225,0.0554,0.0803,0.0418,0.0393
2,76.0000,51,592,268,15160,0.1599,0.9207,0.0560,0.0817,0.0426,0.0376
2,77.8000,51,565,268,15187,0.1599,0.9172,0.0577,0.0852,0.0445,0.0359
2,78.9000,51,538,268,15214,0.1599,0.9134,0.0595,0.0889,0.0465,0.0342
2,80.6000,47,517,272,15235,0.1473,0.9167,0.0562,0.0832,0.0434,0.0328
2,82.5000,43,493,276,15259,0.1348,0.9198,0.0530,0.0776,0.0404,0.0313
2,83.7000,41,469,278,15283,0.1285,0.9196,0.0520,0.0764,0.0397,0.0298
2,85.6000,40,443,279,15309,0.1254,0.9172,0.0525,0.0777,0.0404,0.0281
2,88.1000,34,420,285,15332,0.1066,0.9251,0.0460,0.0662,0.0342,0.0267
2,89.8000,33,396,286,15356,0.1034,0.9231,0.0462,0.0670,0.0347,0.0251
2,92.1000,32,370,287,15382,0.1003,0.9204,0.0464,0.0681,0.0353,0.0235
2,95.2000,31,346,288,15406,0.0972,0.9178,0.0466,0.0691,0.0358,0.0220
2,97.8000,30,319,289,15433,0.0940,0.9140,0.0470,0.0705,0.0366,0.0203
2,100.0000,27,295,292,15457,0.0846,0.9161,0.0440,0.0656,0.0339,0.0187
2,102.9000,25,270,294,15482,0.0784,0.9153,0.0424,0.0636,0.0328,0.0171
2,107.3000,23,245,296,15507,0.0721,0.9142,0.0408,0.0614,0.0316,0.0156
2,110.0000,22,220,297,15532,0.0690,0.9091,0.0408,0.0624,0.0322,0.0140
2,113.3000,20,195,299,15557,0.0627,0.9070,0.0389,0.0599,0.0309,0.0124
2,117.7000,17,171,302,15581,0.0533,0.9096,0.0347,0.0531,0.0273,0.0109
2,123.4000,15,146,304,15606,0.0470,0.9068,0.0323,0.0498,0.0256,0.0093
2,129.1000,13,121,306,15631,0.0408,0.9030,0.0295,0.0462,0.0236,0.0077
2,138.0000,11,97,308,15655,0.0345,0.8981,0.0264,0.0419,0.0214,0.0062
2,145.7000,5,76,314,15676,0.0157,0.9383,0.0127,0.0171,0.0086,0.0048
2,158.7000,3,51,316,15701,0.0094,0.9444,0.0081,0.0104,0.0052,0.0032
2,188.9000,1,26,318,15726,0.0031,0.9630,0.0029,0.0027,0.0013,0.0017
3,43.9000,192,2640,127,13112,0.6019,0.9322,0.0649,0.0894,0.0468,0.1676
3,44.3000,189,2613,130,13139,0.5925,0.9325,0.0645,0.0886,0.0464,0.1659
3,44.7000,186,2589,133,13163,0.5831,0.9330,0.0640,0.0878,0.0459,0.1644
3,45.4000,184,2560,135,13192,0.5768,0.9329,0.0639,0.0877,0.0459,0.1625
3,45.8000,182,2530,137,13222,0.5705,0.9329,0.0639,0.0877,0.0459,0.1606
3,46.2000,181,2509,138,13243,0.5674,0.9327,0.0640,0.0879,0.0460,0.1593
3,46.8000,178,2483,141,13269,0.5580,0.9331,0.0635,0.0871,0.0455,0.1576
3,47.2000,178,2457,141,13295,0.5580,0.9324,0.0641,0.0882,0.0461,0.1560
3,47.6000,177,2429,142,13323,0.5549,0.9321,0.0644,0.0888,0.0465,0.1542
3,48.1000,175,2399,144,13353,0.5486,0.9320,0.0644,0.0888,0.0465,0.1523
3,48.6000,173,2378,146,13374,0.5423,0.9322,0.0641,0.0884,0.0462,0.1510
3,49.1000,172,2344,147,13408,0.5392,0.9316,0.0646,0.0893,0.0467,0.1488
3,49.6000,170,2323,149,13429,0.5329,0.9318,0.0643,0.0888,0.0465,0.1475
3,50.2000,166,2296,153,13456,0.5204,0.9326,0.0635,0.0873,0.0456,0.1458
3,50.8000,162,2276,157,13476,0.5078,0.9336,0.0624,0.0854,0.0446,0.1445
3,51.4000,160,2246,159,13506,0.5016,0.9335,0.0624,0.0854,0.0446,0.1426
3,51.9000,159,2219,160,13533,0.4984,0.9331,0.0626,0.0859,0.0449,0.1409
3,52.5000,157,2191,162,13561,0.4922,0.9331,0.0625,0.0858,0.0448,0.1391
3,53.3000,155,2164,164,13588,0.4859,0.9332,0.0624,0.0856,0.0447,0.1374
3,53.7000,153,2141,166,13611,0.4796,0.9333,0.0622,0.0852,0.0445,0.1359
3,54.2000,151,2115,168,13637,0.4734,0.9334,0.0620,0.0850,0.0444,0.1343
3,54.9000,149,2089,170,13663,0.4671,0.9334,0.0619,0.0847,0.0442,0.1326
3,55.6000,149,2062,170,13690,0.4671,0.9326,0.0626,0.0861,0.0450,0.1309
3,56.1000,149,2031,170,13721,0.4671,0.9317,0.0634,0.0877,0.0458,0.1289
3,56.8000,149,2004,170,13748,0.4671,0.9308,0.0641,0.0891,0.0466,0.1272
3,57.4000,144,1979,175,13773,0.4514,0.9322,0.0627,0.0864,0.0452,0.1256
3,58.0000,142,1950,177,13802,0.4451,0.9321,0.0626,0.0863,0.0451,0.1238
3,58.5000,137,1929,182,13823,0.4295,0.9337,0.0609,0.0834,0.0435,0.1225
3,59.4000,137,1900,182,13852,0.4295,0.9327,0.0617,0.0849,0.0443,0.1206
3,60.0000,136,1872,183,13880,0.4263,0.9323,0.0621,0.0856,0.0447,0.1188
3,60.7000,134,1847,185,13905,0.4201,0.9324,0.0619,0.0852,0.0445,0.1173
3,61.4000,133,1823,186,13929,0.4169,0.9320,0.0621,0.0857,0.0448,0.1157
3,62.3000,129,1795,190,13957,0.4044,0.9330,0.0610,0.0838,0.0437,0.1140
3,62.7000,127,1770,192,13982,0.3981,0.9331,0.0608,0.0835,0.0436,0.1124
3,63.5000,123,1744,196,14008,0.3856,0.9341,0.0596,0.0814,0.0424,0.1107
3,64.2000,119,1721,200,14031,0.3730,0.9353,0.0583,0.0791,0.0412,0.1093
3,64.9000,118,1694,201,14058,0.3699,0.9349,0.0586,0.0797,0.0415,0.1075
3,65.4000,118,1665,201,14087,0.3699,0.9338,0.0595,0.0813,0.0424,0.1057
3,66.1000,115,1637,204,14115,0.3605,0.9344,0.0588,0.0802,0.0418,0.1039
3,67.0000,114,1613,205,14139,0.3574,0.9340,0.0590,0.0806,0.0420,0.1024
3,67.5000,114,1588,205,14164,0.3574,0.9330,0.0598,0.0821,0.0428,0.1008
3,68.3000,109,1561,210,14191,0.3417,0.9347,0.0580,0.0789,0.0411,0.0991
3,68.9000,108,1535,211,14217,0.3386,0.9343,0.0583,0.0795,0.0414,0.0974
3,69.7000,105,1509,214,14243,0.3292,0.9349,0.0574,0.0781,0.0406,0.0958
3,70.4000,103,1478,216,14274,0.3229,0.9349,0.0573,0.0780,0.0406,0.0938
3,71.0000,102,1455,217,14297,0.3197,0.9345,0.0575,0.0784,0.0408,0.0924
3,71.6000,102,1426,217,14326,0.3197,0.9332,0.0585,0.0802,0.0418,0.0905
3,72.5000,100,1398,219,14354,0.3135,0.9332,0.0582,0.0800,0.0416,0.0888
3,73.3000,100,1372,219,14380,0.3135,0.9321,0.0591,0.0817,0.0426,0.0871
3,73.9000,99,1345,220,14407,0.3103,0.9314,0.0595,0.0825,0.0430,0.0854
3,74.7000,98,1320,221,14432,0.3072,0.9309,0.0598,0.0831,0.0434,0.0838
3,75.6000,98,1288,221,14464,0.3072,0.9293,0.0610,0.0854,0.0446,0.0818
3,76.3000,98,1262,221,14490,0.3072,0.9279,0.0620,0.0874,0.0457,0.0801
3,77.5000,98,1232,221,14520,0.3072,0.9263,0.0632,0.0897,0.0470,0.0782
3,78.3000,96,1207,223,14545,0.3009,0.9263,0.0629,0.0893,0.0468,0.0766
3,79.3000,94,1180,225,14572,0.2947,0.9262,0.0627,0.0891,0.0466,0.0749
3,80.2000,93,1153,226,14599,0.2915,0.9254,0.0632,0.0901,0.0472,0.0732
3,80.9000,91,1130,228,14622,0.2853,0.9255,0.0628,0.0895,0.0469,0.0717
3,81.9000,88,1101,231,14651,0.2759,0.9260,0.0620,0.0882,0.0461,0.0699
3,83.0000,86,1074,233,14678,0.2696,0.9259,0.0617,0.0879,0.0460,0.0682
3,83.9000,85,1048,234,14704,0.2665,0.9250,0.0622,0.0889,0.0465,0.0665
3,85.0000,82,1022,237,14730,0.2571,0.9257,0.0611,0.0871,0.0456,0.0649
3,86.2000,82,994,237,14758,0.2571,0.9238,0.0625,0.0897,0.0469,0.0631
3,87.5000,79,967,240,14785,0.2476,0.9245,0.0614,0.0880,0.0460,0.0614
3,88.4000,75,943,244,14809,0.2351,0.9263,0.0594,0.0845,0.0441,0.0599
3,89.3000,72,921,247,14831,0.2257,0.9275,0.0581,0.0822,0.0429,0.0585
3,90.4000,69,894,250,14858,0.2163,0.9283,0.0569,0.0802,0.0418,0.0568
3,91.4000,68,867,251,14885,0.2132,0.9273,0.0573,0.0813,0.0423,0.0550
3,93.1000,66,842,253,14910,0.2069,0.9273,0.0568,0.0806,0.0420,0.0535
3,94.1000,66,812,253,14940,0.2069,0.9248,0.0584,0.0836,0.0436,0.0515
3,95.7000,65,784,254,14968,0.2038,0.9234,0.0589,0.0849,0.0443,0.0498
3,97.4000,61,761,258,14991,0.1912,0.9258,0.0565,0.0806,0.0420,0.0483
3,99.3000,60,733,259,15019,0.1881,0.9243,0.0570,0.0819,0.0427,0.0465
3,101.0000,59,709,260,15043,0.1850,0.9232,0.0574,0.0828,0.0432,0.0450
3,102.8000,57,679,262,15073,0.1787,0.9226,0.0571,0.0827,0.0431,0.0431
3,104.7000,56,650,263,15102,0.1755,0.9207,0.0578,0.0842,0.0440,0.0413
3,106.4000,54,626,265,15126,0.1693,0.9206,0.0571,0.0833,0.0435,0.0397
3,108.7000,50,601,269,15151,0.1567,0.9232,0.0543,0.0785,0.0409,0.0382
3,110.5000,48,576,271,15176,0.1505,0.9231,0.0536,0.0776,0.0404,0.0366
3,112.7000,48,545,271,15207,0.1505,0.9191,0.0556,0.0816,0.0425,0.0346
3,114.5000,47,519,272,15233,0.1473,0.9170,0.0561,0.0829,0.0433,0.0329
3,116.7000,45,493,274,15259,0.1411,0.9164,0.0554,0.0821,0.0428,0.0313
3,119.0000,43,468,276,15284,0.1348,0.9159,0.0546,0.0812,0.0423,0.0297
3,121.3000,43,438,276,15314,0.1348,0.9106,0.0568,0.0857,0.0448,0.0278
3,124.5000,39,414,280,15338,0.1223,0.9139,0.0532,0.0796,0.0414,0.0263
3,127.1000,37,388,282,15364,0.1160,0.9129,0.0523,0.0786,0.0409,0.0246
3,131.4000,34,363,285,15389,0.1066,0.9144,0.0499,0.0746,0.0387,0.0230
3,135.2000,32,336,287,15416,0.1003,0.9130,0.0489,0.0735,0.0381,0.0213
3,137.4000,30,309,289,15443,0.0940,0.9115,0.0478,0.0722,0.0375,0.0196
3,139.9000,26,285,293,15467,0.0815,0.9164,0.0430,0.0642,0.0332,0.0181
3,143.4000,25,258,294,15494,0.0784,0.9117,0.0433,0.0656,0.0339,0.0164
3,146.7000,24,231,295,15521,0.0752,0.9059,0.0436,0.0672,0.0348,0.0147
3,152.0000,23,204,296,15548,0.0721,0.8987,0.0440,0.0689,0.0357,0.0130
3,157.2000,19,180,300,15572,0.0596,0.9045,0.0381,0.0590,0.0304,0.0114
3,163.5000,15,155,304,15597,0.0470,0.9118,0.0316,0.0482,0.0247,0.0098
3,170.2000,12,130,307,15622,0.0376,0.9155,0.0267,0.0403,0.0206,0.0083
3,179.7000,9,105,310,15647,0.0282,0.9211,0.0212,0.0314,0.0160,0.0067
3,195.7000,7,78,312,15674,0.0219,0.9176,0.0176,0.0265,0.0134,0.0050
3,217.0000,3,53,316,15699,0.0094,0.9464,0.0081,0.0101,0.0051,0.0034
3,245.0000,1,28,318,15724,0.0031,0.9655,0.0029,0.0024,0.0012,0.0018
5,74.7000,207,2772,112,12980,0.6489,0.9305,0.0670,0.0930,0.0488,0.1760
5,75.4000,205,2746,114,13006,0.6426,0.9305,0.0669,0.0929,0.0487,0.1743
5,76.0000,202,2719,117,13033,0.6332,0.9308,0.0665,0.0922,0.0483,0.1726
5,76.8000,199,2692,120,13060,0.6238,0.9312,0.0661,0.0915,0.0479,0.1709
5,77.7000,197,2663,122,13089,0.6176,0.9311,0.0661,0.0915,0.0479,0.1691
5,78.4000,196,2634,123,13118,0.6144,0.9307,0.0664,0.0921,0.0483,0.1672
5,79.1000,196,2606,123,13146,0.6144,0.9300,0.0670,0.0933,0.0489,0.1654
5,79.9000,192,2580,127,13172,0.6019,0.9307,0.0662,0.0919,0.0482,0.1638
5,80.6000,188,2554,131,13198,0.5893,0.9314,0.0654,0.0905,0.0474,0.1621
5,81.3000,188,2524,131,13228,0.5893,0.9307,0.0661,0.0918,0.0481,0.1602
5,82.3000,187,2497,132,13255,0.5862,0.9303,0.0664,0.0923,0.0484,0.1585
5,83.1000,185,2465,134,13287,0.5799,0.9302,0.0665,0.0925,0.0485,0.1565
5,83.9000,182,2441,137,13311,0.5705,0.9306,0.0659,0.0916,0.0480,0.1550
5,85.0000,180,2412,139,13340,0.5643,0.9306,0.0659,0.0916,0.0480,0.1531
5,85.8000,178,2387,141,13365,0.5580,0.9306,0.0658,0.0914,0.0479,0.1515
5,86.6000,175,2359,144,13393,0.5486,0.9309,0.0653,0.0906,0.0475,0.1498
5,87.3000,174,2330,145,13422,0.5455,0.9305,0.0657,0.0913,0.0478,0.1479
5,88.2000,174,2300,145,13452,0.5455,0.9297,0.0664,0.0927,0.0486,0.1460
5,88.7000,170,2274,149,13478,0.5329,0.9304,0.0656,0.0911,0.0477,0.1444
5,89.4000,170,2244,149,13508,0.5329,0.9296,0.0663,0.0926,0.0485,0.1425
5,90.2000,169,2216,150,13536,0.5298,0.9291,0.0667,0.0932,0.0489,0.1407
5,91.0000,167,2188,152,13564,0.5235,0.9291,0.0666,0.0932,0.0489,0.1389
5,91.7000,165,2158,154,13594,0.5172,0.9290,0.0666,0.0933,0.0489,0.1370
5,92.6000,164,2133,155,13619,0.5141,0.9286,0.0669,0.0938,0.0492,0.1354
5,93.2000,163,2105,156,13647,0.5110,0.9281,0.0672,0.0945,0.0496,0.1336
5,94.2000,161,2073,158,13679,0.5047,0.9279,0.0673,0.0947,0.0497,0.1316
5,94.9000,155,2051,164,13701,0.4859,0.9297,0.0654,0.0913,0.0478,0.1302
5,95.7000,153,2019,166,13733,0.4796,0.9296,0.0654,0.0914,0.0479,0.1282
5,96.6000,151,1994,168,13758,0.4734,0.9296,0.0653,0.0912,0.0478,0.1266
5,97.2000,150,1967,169,13785,0.4702,0.9291,0.0656,0.0918,0.0481,0.1249
5,98.0000,145,1941,174,13811,0.4545,0.9305,0.0642,0.0892,0.0467,0.1232
5,98.9000,142,1913,177,13839,0.4451,0.9309,0.0636,0.0883,0.0462,0.1214
5,99.8000,141,1886,178,13866,0.4420,0.9304,0.0639,0.0890,0.0465,0.1197
5,100.9000,140,1857,179,13895,0.4389,0.9299,0.0643,0.0897,0.0470,0.1179
5,101.8000,138,1830,181,13922,0.4326,0.9299,0.0642,0.0896,0.0469,0.1162
5,103.2000,137,1801,182,13951,0.4295,0.9293,0.0646,0.0904,0.0473,0.1143
5,104.2000,135,1772,184,13980,0.4232,0.9292,0.0646,0.0904,0.0473,0.1125
5,105.1000,134,1741,185,14011,0.4201,0.9285,0.0650,0.0913,0.0478,0.1105
5,105.8000,130,1718,189,14034,0.4075,0.9297,0.0638,0.0891,0.0467,0.1091
5,106.6000,129,1689,190,14063,0.4044,0.9290,0.0642,0.0900,0.0471,0.1072
5,107.3000,128,1661,191,14091,0.4013,0.9285,0.0646,0.0908,0.0476,0.1054
5,108.7000,127,1631,192,14121,0.3981,0.9278,0.0651,0.0918,0.0481,0.1035
5,109.6000,127,1602,192,14150,0.3981,0.9265,0.0661,0.0936,0.0491,0.1017
5,110.9000,125,1574,194,14178,0.3918,0.9264,0.0660,0.0936,0.0491,0.0999
5,112.2000,123,1545,196,14207,0.3856,0.9263,0.0660,0.0936,0.0491,0.0981
5,113.2000,120,1520,199,14232,0.3762,0.9268,0.0653,0.0923,0.0484,0.0965
5,114.5000,118,1491,201,14261,0.3699,0.9267,0.0652,0.0923,0.0484,0.0947
5,115.5000,118,1463,201,14289,0.3699,0.9254,0.0662,0.0943,0.0495,0.0929
5,116.5000,115,1435,204,14317,0.3605,0.9258,0.0656,0.0932,0.0489,0.0911
5,117.6000,115,1405,204,14347,0.3605,0.9243,0.0667,0.0954,0.0501,0.0892
5,118.9000,113,1382,206,14370,0.3542,0.9244,0.0664,0.0950,0.0499,0.0877
5,120.2000,109,1350,210,14402,0.3417,0.9253,0.0653,0.0931,0.0488,0.0857
5,121.1000,108,1324,211,14428,0.3386,0.9246,0.0657,0.0939,0.0493,0.0841
5,122.3000,105,1296,214,14456,0.3292,0.9251,0.0650,0.0928,0.0486,0.0823
5,123.6000,104,1267,215,14485,0.3260,0.9241,0.0656,0.0939,0.0493,0.0804
5,125.1000,103,1237,216,14515,0.3229,0.9231,0.0662,0.0952,0.0500,0.0785
5,126.3000,102,1209,217,14543,0.3197,0.9222,0.0668,0.0963,0.0506,0.0768
5,127.5000,100,1180,219,14572,0.3135,0.9219,0.0667,0.0964,0.0506,0.0749
5,128.4000,99,1151,220,14601,0.3103,0.9208,0.0673,0.0977,0.0513,0.0731
5,129.5000,98,1123,221,14629,0.3072,0.9197,0.0680,0.0989,0.0520,0.0713
5,130.9000,94,1099,225,14653,0.2947,0.9212,0.0663,0.0960,0.0504,0.0698
5,132.2000,94,1068,225,14684,0.2947,0.9191,0.0678,0.0989,0.0520,0.0678
5,134.0000,92,1039,227,14713,0.2884,0.9187,0.0677,0.0990,0.0521,0.0660
5,135.2000,90,1012,229,14740,0.2821,0.9183,0.0676,0.0989,0.0520,0.0642
5,137.0000,88,986,231,14766,0.2759,0.9181,0.0674,0.0988,0.0519,0.0626
5,138.7000,86,954,233,14798,0.2696,0.9173,0.0676,0.0992,0.0522,0.0606
5,140.1000,83,932,236,14820,0.2602,0.9182,0.0663,0.0972,0.0511,0.0592
5,142.1000,82,902,237,14850,0.2571,0.9167,0.0672,0.0988,0.0520,0.0573
5,143.8000,80,874,239,14878,0.2508,0.9161,0.0671,0.0989,0.0520,0.0555
5,146.1000,77,847,242,14905,0.2414,0.9167,0.0660,0.0973,0.0511,0.0538
5,148.2000,76,817,243,14935,0.2382,0.9149,0.0669,0.0991,0.0521,0.0519
5,149.7000,74,790,245,14962,0.2320,0.9144,0.0667,0.0990,0.0521,0.0502
5,151.7000,74,761,245,14991,0.2320,0.9114,0.0685,0.1025,0.0540,0.0483
5,153.3000,69,736,250,15016,0.2163,0.9143,0.0654,0.0971,0.0510,0.0467
5,156.4000,65,710,254,15042,0.2038,0.9161,0.0632,0.0933,0.0490,0.0451
5,158.3000,63,685,256,15067,0.1975,0.9158,0.0627,0.0928,0.0487,0.0435
5,161.3000,58,658,261,15094,0.1818,0.9190,0.0594,0.0870,0.0455,0.0418
5,164.3000,56,630,263,15122,0.1755,0.9184,0.0590,0.0867,0.0453,0.0400
5,166.5000,53,602,266,15150,0.1661,0.9191,0.0575,0.0844,0.0441,0.0382
5,170.0000,49,577,270,15175,0.1536,0.9217,0.0547,0.0795,0.0414,0.0366
5,173.0000,46,550,273,15202,0.1442,0.9228,0.0529,0.0767,0.0399,0.0349
5,176.4000,44,523,275,15229,0.1379,0.9224,0.0523,0.0758,0.0394,0.0332
5,179.5000,43,494,276,15258,0.1348,0.9199,0.0529,0.0775,0.0403,0.0314
5,182.2000,42,467,277,15285,0.1317,0.9175,0.0534,0.0790,0.0411,0.0296
5,186.7000,40,437,279,15315,0.1254,0.9161,0.0529,0.0786,0.0409,0.0277
5,190.3000,37,411,282,15341,0.1160,0.9174,0.0507,0.0750,0.0390,0.0261
5,193.5000,35,382,284,15370,0.1097,0.9161,0.0499,0.0743,0.0386,0.0243
5,197.9000,34,353,285,15399,0.1066,0.9121,0.0506,0.0762,0.0396,0.0224
5,202.1000,32,326,287,15426,0.1003,0.9106,0.0496,0.0751,0.0390,0.0207
5,205.7000,31,297,288,15455,0.0972,0.9055,0.0503,0.0773,0.0402,0.0189
5,210.0000,28,270,291,15482,0.0878,0.9060,0.0475,0.0730,0.0379,0.0171
5,215.1000,26,243,293,15509,0.0815,0.9033,0.0463,0.0716,0.0371,0.0154
5,221.4000,24,215,295,15537,0.0752,0.8996,0.0449,0.0702,0.0364,0.0136
5,226.9000,18,191,301,15561,0.0564,0.9139,0.0353,0.0533,0.0274,0.0121
5,236.9000,17,162,302,15590,0.0533,0.9050,0.0353,0.0548,0.0282,0.0103
5,245.1000,15,135,304,15617,0.0470,0.9000,0.0330,0.0519,0.0267,0.0086
5,255.8000,10,110,309,15642,0.0313,0.9167,0.0233,0.0351,0.0179,0.0070
5,270.7000,6,83,313,15669,0.0188,0.9326,0.0149,0.0209,0.0106,0.0053
5,292.6000,2,59,317,15693,0.0063,0.9672,0.0053,0.0042,0.0021,0.0037
5,327.3000,1,29,318,15723,0.0031,0.9667,0.0029,0.0023,0.0012,0.0018
7,105.5000,216,2827,103,12925,0.6771,0.9290,0.0687,0.0960,0.0504,0.1795
7,106.2000,213,2805,106,12947,0.6677,0.9294,0.0682,0.0952,0.0500,0.1781
7,107.2000,212,2774,107,12978,0.6646,0.9290,0.0685,0.0959,0.0503,0.1761
7,108.3000,210,2743,109,13009,0.6583,0.9289,0.0686,0.0960,0.0504,0.1741
7,109.4000,209,2713,110,13039,0.6552,0.9285,0.0689,0.0966,0.0508,0.1722
7,110.3000,207,2686,112,13066,0.6489,0.9284,0.0689,0.0966,0.0507,0.1705
7,111.7000,204,2659,115,13093,0.6395,0.9287,0.0685,0.0959,0.0504,0.1688
7,112.5000,202,2630,117,13122,0.6332,0.9287,0.0685,0.0960,0.0504,0.1670
7,113.3000,199,2602,120,13150,0.6238,0.9290,0.0681,0.0953,0.0500,0.1652
7,114.2000,198,2573,121,13179,0.6207,0.9285,0.0685,0.0960,0.0504,0.1633
7,115.2000,197,2541,122,13211,0.6176,0.9280,0.0689,0.0968,0.0508,0.1613
7,116.4000,197,2513,122,13239,0.6176,0.9273,0.0696,0.0980,0.0515,0.1595
7,117.0000,195,2489,124,13263,0.6113,0.9273,0.0694,0.0979,0.0514,0.1580
7,117.9000,191,2459,128,13293,0.5987,0.9279,0.0688,0.0967,0.0508,0.1561
7,119.2000,191,2428,128,13324,0.5987,0.9271,0.0695,0.0981,0.0516,0.1541
7,120.0000,191,2400,128,13352,0.5987,0.9263,0.0702,0.0994,0.0523,0.1524
7,121.3000,189,2368,130,13384,0.5925,0.9261,0.0703,0.0997,0.0524,0.1503
7,122.2000,188,2339,131,13413,0.5893,0.9256,0.0707,0.1004,0.0529,0.1485
7,123.0000,184,2317,135,13435,0.5768,0.9264,0.0698,0.0988,0.0519,0.1471
7,124.0000,184,2283,135,13469,0.5768,0.9254,0.0707,0.1005,0.0529,0.1449
7,124.9000,182,2254,137,13498,0.5705,0.9253,0.0707,0.1006,0.0529,0.1431
7,126.3000,180,2224,139,13528,0.5643,0.9251,0.0708,0.1007,0.0530,0.1412
7,127.4000,177,2200,142,13552,0.5549,0.9255,0.0703,0.0998,0.0525,0.1397
7,128.5000,176,2167,143,13585,0.5517,0.9249,0.0708,0.1008,0.0531,0.1376
7,129.7000,176,2140,143,13612,0.5517,0.9240,0.0716,0.1023,0.0539,0.1359
7,130.7000,175,2110,144,13642,0.5486,0.9234,0.0720,0.1032,0.0544,0.1340
7,132.1000,172,2082,147,13670,0.5392,0.9237,0.0716,0.1025,0.0540,0.1322
7,133.4000,170,2054,149,13698,0.5329,0.9236,0.0716,0.1025,0.0540,0.1304
7,134.4000,169,2025,150,13727,0.5298,0.9230,0.0721,0.1034,0.0545,0.1286
7,135.7000,164,1997,155,13755,0.5141,0.9241,0.0708,0.1012,0.0533,0.1268
7,136.8000,163,1968,156,13784,0.5110,0.9235,0.0713,0.1021,0.0538,0.1249
7,138.1000,160,1942,159,13810,0.5016,0.9239,0.0708,0.1012,0.0533,0.1233
7,139.3000,157,1914,162,13838,0.4922,0.9242,0.0703,0.1004,0.0529,0.1215
7,140.4000,157,1883,162,13869,0.4922,0.9230,0.0713,0.1023,0.0539,0.1195
7,141.5000,153,1857,166,13895,0.4796,0.9239,0.0703,0.1006,0.0529,0.1179
7,142.4000,151,1828,168,13924,0.4734,0.9237,0.0703,0.1007,0.0530,0.1160
7,143.5000,151,1798,168,13954,0.4734,0.9225,0.0713,0.1025,0.0540,0.1141
7,144.8000,148,1770,171,13982,0.4639,0.9228,0.0708,0.1017,0.0536,0.1124
7,146.1000,146,1742,173,14010,0.4577,0.9227,0.0708,0.1018,0.0536,0.1106
7,147.5000,143,1714,176,14038,0.4483,0.9230,0.0703,0.1010,0.0532,0.1088
7,148.4000,143,1684,176,14068,0.4483,0.9217,0.0714,0.1030,0.0543,0.1069
7,149.5000,141,1656,178,14096,0.4420,0.9215,0.0714,0.1030,0.0543,0.1051
7,150.7000,138,1628,181,14124,0.4326,0.9219,0.0709,0.1022,0.0538,0.1034
7,151.6000,136,1599,183,14153,0.4263,0.9216,0.0709,0.1023,0.0539,0.1015
7,152.5000,132,1574,187,14178,0.4138,0.9226,0.0697,0.1003,0.0528,0.0999
7,154.2000,131,1542,188,14210,0.4107,0.9217,0.0704,0.1016,0.0535,0.0979
7,155.6000,131,1514,188,14238,0.4107,0.9204,0.0715,0.1036,0.0546,0.0961
7,156.9000,129,1486,190,14266,0.4044,0.9201,0.0715,0.1037,0.0547,0.0943
7,158.4000,127,1455,192,14297,0.3981,0.9197,0.0716,0.1040,0.0549,0.0924
7,159.8000,127,1428,192,14324,0.3981,0.9183,0.0727,0.1061,0.0560,0.0907
7,160.9000,124,1399,195,14353,0.3887,0.9186,0.0722,0.1053,0.0556,0.0888
7,162.0000,122,1375,197,14377,0.3824,0.9185,0.0720,0.1051,0.0555,0.0873
7,163.7000,117,1344,202,14408,0.3668,0.9199,0.0704,0.1022,0.0539,0.0853
7,165.7000,116,1315,203,14437,0.3636,0.9189,0.0710,0.1035,0.0546,0.0835
7,167.0000,113,1288,206,14464,0.3542,0.9193,0.0703,0.1024,0.0539,0.0818
7,169.1000,112,1258,207,14494,0.3511,0.9182,0.0710,0.1038,0.0547,0.0799
7,171.0000,110,1230,209,14522,0.3448,0.9179,0.0710,0.1039,0.0548,0.0781
7,173.3000,107,1201,212,14551,0.3354,0.9182,0.0704,0.1029,0.0542,0.0762
7,175.5000,105,1174,214,14578,0.3292,0.9179,0.0703,0.1029,0.0542,0.0745
7,177.1000,101,1147,218,14605,0.3166,0.9191,0.0689,0.1005,0.0529,0.0728
7,179.0000,101,1118,218,14634,0.3166,0.9171,0.0703,0.1031,0.0544,0.0710
7,181.0000,100,1088,219,14664,0.3135,0.9158,0.0711,0.1047,0.0552,0.0691
7,182.8000,99,1059,220,14693,0.3103,0.9145,0.0718,0.1062,0.0561,0.0672
7,184.7000,95,1032,224,14720,0.2978,0.9157,0.0703,0.1037,0.0547,0.0655
7,186.3000,92,1006,227,14746,0.2884,0.9162,0.0694,0.1022,0.0539,0.0639
7,189.0000,90,977,229,14775,0.2821,0.9157,0.0694,0.1024,0.0540,0.0620
7,191.0000,87,947,232,14805,0.2727,0.9159,0.0687,0.1013,0.0534,0.0601
7,193.7000,86,919,233,14833,0.2696,0.9144,0.0695,0.1029,0.0542,0.0583
7,195.6000,85,890,234,14862,0.2665,0.9128,0.0703,0.1046,0.0552,0.0565
7,198.0000,84,860,235,14892,0.2633,0.9110,0.0712,0.1065,0.0562,0.0546
7,200.1000,82,831,237,14921,0.2571,0.9102,0.0713,0.1068,0.0564,0.0528
7,202.4000,79,805,240,14947,0.2476,0.9106,0.0703,0.1052,0.0555,0.0511
7,204.8000,77,777,242,14975,0.2414,0.9098,0.0703,0.1054,0.0556,0.0493
7,207.4000,73,752,246,15000,0.2288,0.9115,0.0682,0.1019,0.0537,0.0477
7,209.3000,69,722,250,15030,0.2163,0.9128,0.0663,0.0988,0.0520,0.0458
7,211.7000,69,693,250,15059,0.2163,0.9094,0.0682,0.1025,0.0540,0.0440
7,214.3000,66,665,253,15087,0.2069,0.9097,0.0671,0.1009,0.0531,0.0422
7,216.6000,62,639,257,15113,0.1944,0.9116,0.0647,0.0969,0.0509,0.0406
7,220.3000,59,611,260,15141,0.1850,0.9119,0.0634,0.0950,0.0499,0.0388
7,223.6000,57,584,262,15168,0.1787,0.9111,0.0631,0.0948,0.0497,0.0371
7,227.0000,55,555,264,15197,0.1724,0.9098,0.0629,0.0948,0.0498,0.0352
7,230.0000,51,527,268,15225,0.1599,0.9118,0.0603,0.0904,0.0474,0.0335
7,234.0000,49,498,270,15254,0.1536,0.9104,0.0600,0.0904,0.0473,0.0316
7,237.5000,48,470,271,15282,0.1505,0.9073,0.0608,0.0924,0.0484,0.0298
7,241.6000,44,444,275,15308,0.1379,0.9098,0.0577,0.0871,0.0456,0.0282
7,244.9000,41,415,278,15337,0.1285,0.9101,0.0559,0.0844,0.0441,0.0263
7,250.0000,35,393,284,15359,0.1097,0.9182,0.0492,0.0726,0.0377,0.0249
7,253.9000,33,363,286,15389,0.1034,0.9167,0.0484,0.0719,0.0373,0.0230
7,259.1000,31,335,288,15417,0.0972,0.9153,0.0474,0.0708,0.0367,0.0213
7,265.7000,29,306,290,15446,0.0909,0.9134,0.0464,0.0698,0.0361,0.0194
7,270.4000,23,282,296,15470,0.0721,0.9246,0.0383,0.0554,0.0285,0.0179
7,276.5000,22,251,297,15501,0.0690,0.9194,0.0386,0.0571,0.0294,0.0159
7,281.6000,20,224,299,15528,0.0627,0.9180,0.0368,0.0548,0.0282,0.0142
7,287.6000,16,197,303,15555,0.0502,0.9249,0.0310,0.0450,0.0230,0.0125
7,295.2000,14,169,305,15583,0.0439,0.9235,0.0287,0.0419,0.0214,0.0107
7,304.8000,13,140,306,15612,0.0408,0.9150,0.0283,0.0428,0.0219,0.0089
7,317.5000,8,114,311,15638,0.0251,0.9344,0.0185,0.0256,0.0130,0.0072
7,338.4000,6,86,313,15666,0.0188,0.9348,0.0148,0.0205,0.0104,0.0055
7,365.3000,1,60,318,15692,0.0031,0.9836,0.0026,-0.0011,-0.0006,0.0038
7,389.6000,1,30,318,15722,0.0031,0.9677,0.0029,0.0022,0.0011,0.0019
