window_days,threshold_mm,FPR,POD
1,45.2000,0.0007,0.0000
1,39.4000,0.0014,0.0000
1,36.7000,0.0021,0.0097
1,34.8000,0.0028,0.0097
1,33.2000,0.0035,0.0097
1,31.8000,0.0043,0.0097
1,30.2000,0.0050,0.0097
1,29.6000,0.0056,0.0194
1,28.3000,0.0063,0.0388
1,27.3000,0.0069,0.0485
1,26.6000,0.0077,0.0583
1,25.7000,0.0083,0.0583
1,25.2000,0.0091,0.0680
1,24.7000,0.0097,0.0874
1,24.1000,0.0104,0.0874
1,23.4000,0.0111,0.0971
1,22.9000,0.0117,0.1068
1,22.5000,0.0123,0.1262
1,21.9000,0.0130,0.1262
1,21.4000,0.0138,0.1262
1,21.0000,0.0144,0.1262
1,20.6000,0.0152,0.1262
1,20.2000,0.0160,0.1262
1,19.7000,0.0166,0.1262
1,19.3000,0.0173,0.1262
1,18.9000,0.0181,0.1262
1,18.6000,0.0188,0.1262
1,18.3000,0.0195,0.1262
1,18.1000,0.0200,0.1262
1,17.7000,0.0210,0.1262
1,17.4000,0.0216,0.1262
1,17.2000,0.0221,0.1262
1,16.9000,0.0229,0.1262
1,16.7000,0.0235,0.1456
1,16.2000,0.0244,0.1456
1,16.0000,0.0250,0.1553
1,15.7000,0.0259,0.1553
1,15.5000,0.0266,0.1553
1,15.3000,0.0272,0.1553
1,15.1000,0.0277,0.1650
1,14.9000,0.0284,0.1650
1,14.7000,0.0292,0.1748
1,14.5000,0.0300,0.1748
1,14.3000,0.0307,0.1748
1,14.1000,0.0314,0.1748
1,14.0000,0.0320,0.1748
1,13.7000,0.0328,0.1845
1,13.6000,0.0334,0.1845
1,13.4000,0.0340,0.1942
1,13.1000,0.0350,0.1942
1,12.9000,0.0357,0.2039
1,12.8000,0.0361,0.2039
1,12.6000,0.0368,0.2136
1,12.4000,0.0380,0.2233
1,12.3000,0.0383,0.2330
1,12.1000,0.0391,0.2427
1,12.0000,0.0395,0.2427
1,11.8000,0.0405,0.2524
1,11.7000,0.0411,0.2621
1,11.6000,0.0415,0.2621
1,11.4000,0.0424,0.2718
1,11.2000,0.0433,0.2718
1,11.1000,0.0438,0.2816
1,10.9000,0.0447,0.3010
1,10.8000,0.0450,0.3107
1,10.7000,0.0457,0.3107
1,10.6000,0.0463,0.3107
1,10.5000,0.0470,0.3204
1,10.3000,0.0480,0.3301
1,10.2000,0.0483,0.3398
1,10.0000,0.0491,0.3495
1,9.9000,0.0496,0.3592
1,9.7000,0.0508,0.3689
1,9.6000,0.0516,0.3689
1,9.5000,0.0521,0.3786
1,9.4000,0.0528,0.3786
1,9.3000,0.0534,0.3981
1,9.1000,0.0544,0.4175
1,9.0000,0.0551,0.4175
1,8.8000,0.0564,0.4272
1,8.7000,0.0571,0.4466
1,8.6000,0.0576,0.4466
1,8.5000,0.0582,0.4563
1,8.4000,0.0586,0.4563
1,8.3000,0.0593,0.4563
1,8.2000,0.0599,0.4563
1,8.1000,0.0607,0.4563
1,8.0000,0.0615,0.4660
1,7.9000,0.0623,0.4660
1,7.8000,0.0627,0.4660
1,7.7000,0.0639,0.4757
1,7.6000,0.0647,0.4854
1,7.5000,0.0656,0.5049
1,7.4000,0.0665,0.5049
1,7.3000,0.0675,0.5243
1,7.1000,0.0687,0.5437
1,7.0000,0.0693,0.5534
2,80.3000,0.0008,0.0000
2,73.4000,0.0016,0.0000
2,67.7000,0.0024,0.0097
2,64.3000,0.0032,0.0097
2,61.4000,0.0039,0.0194
2,58.2000,0.0047,0.0194
2,55.8000,0.0056,0.0291
2,54.0000,0.0062,0.0291
2,51.9000,0.0070,0.0388
2,50.7000,0.0078,0.0583
2,48.9000,0.0085,0.0680
2,47.7000,0.0093,0.0874
2,46.5000,0.0099,0.1068
2,45.3000,0.0109,0.1068
2,44.6000,0.0115,0.1068
2,43.4000,0.0123,0.1068
2,42.2000,0.0132,0.1165
2,41.2000,0.0139,0.1165
2,40.3000,0.0146,0.1165
2,39.5000,0.0154,0.1262
2,38.8000,0.0162,0.1359
2,37.9000,0.0171,0.1359
2,37.4000,0.0178,0.1359
2,36.6000,0.0186,0.1359
2,35.9000,0.0194,0.1359
2,35.4000,0.0202,0.1359
2,34.7000,0.0211,0.1359
2,34.2000,0.0218,0.1359
2,33.6000,0.0226,0.1359
2,33.1000,0.0235,0.1359
2,32.5000,0.0242,0.1456
2,32.1000,0.0250,0.1456
2,31.6000,0.0258,0.1456
2,31.2000,0.0265,0.1456
2,30.5000,0.0273,0.1456
2,29.9000,0.0283,0.1553
2,29.4000,0.0289,0.1650
2,28.7000,0.0298,0.1845
2,28.3000,0.0305,0.1845
2,27.8000,0.0313,0.1845
2,27.4000,0.0319,0.1942
2,26.8000,0.0328,0.1942
2,26.4000,0.0336,0.1942
2,26.0000,0.0344,0.1942
2,25.7000,0.0351,0.2039
2,25.3000,0.0359,0.2039
2,24.9000,0.0366,0.2136
2,24.4000,0.0375,0.2136
2,24.0000,0.0383,0.2136
2,23.6000,0.0390,0.2427
2,23.2000,0.0397,0.2524
2,22.9000,0.0406,0.2524
2,22.7000,0.0413,0.2621
2,22.5000,0.0420,0.2718
2,22.2000,0.0429,0.2816
2,22.0000,0.0434,0.2816
2,21.6000,0.0444,0.2816
2,21.2000,0.0452,0.2913
2,20.9000,0.0458,0.2913
2,20.7000,0.0464,0.3107
2,20.4000,0.0473,0.3301
2,20.1000,0.0483,0.3301
2,19.9000,0.0492,0.3398
2,19.7000,0.0497,0.3592
2,19.5000,0.0503,0.3883
2,19.3000,0.0511,0.3883
2,19.0000,0.0520,0.3981
2,18.7000,0.0529,0.3981
2,18.5000,0.0537,0.4078
2,18.4000,0.0541,0.4078
2,18.1000,0.0553,0.4078
2,17.9000,0.0558,0.4175
2,17.6000,0.0568,0.4175
2,17.4000,0.0574,0.4272
2,17.2000,0.0581,0.4272
2,16.9000,0.0592,0.4563
2,16.7000,0.0600,0.4563
2,16.6000,0.0604,0.4563
2,16.4000,0.0610,0.4563
2,16.2000,0.0621,0.4660
2,16.0000,0.0628,0.4660
2,15.8000,0.0637,0.4757
2,15.7000,0.0642,0.4757
2,15.4000,0.0653,0.4757
2,15.3000,0.0659,0.4854
2,15.0000,0.0668,0.4951
2,14.9000,0.0674,0.4951
2,14.6000,0.0683,0.5243
2,14.4000,0.0690,0.5340
2,14.2000,0.0700,0.5534
2,14.1000,0.0705,0.5631
2,13.9000,0.0713,0.5631
2,13.7000,0.0719,0.5631
2,13.4000,0.0729,0.5728
2,13.3000,0.0735,0.5825
2,13.1000,0.0742,0.5825
2,12.9000,0.0751,0.6117
2,12.7000,0.0757,0.6311
2,12.5000,0.0768,0.6311
2,12.3000,0.0773,0.6408
3,107.3000,0.0009,0.0000
3,99.8000,0.0017,0.0000
3,93.8000,0.0026,0.0000
3,88.6000,0.0033,0.0097
3,84.2000,0.0042,0.0194
3,81.1000,0.0050,0.0291
3,78.1000,0.0058,0.0388
3,76.0000,0.0066,0.0388
3,73.0000,0.0073,0.0874
3,71.5000,0.0082,0.0874
3,68.9000,0.0090,0.0971
3,67.5000,0.0098,0.1068
3,65.2000,0.0106,0.1068
3,63.7000,0.0115,0.1068
3,62.2000,0.0123,0.1165
3,60.6000,0.0132,0.1165
3,58.9000,0.0140,0.1165
3,57.8000,0.0149,0.1165
3,56.5000,0.0157,0.1165
3,55.7000,0.0166,0.1165
3,55.0000,0.0174,0.1165
3,53.8000,0.0182,0.1262
3,52.9000,0.0190,0.1262
3,51.8000,0.0199,0.1262
3,51.1000,0.0208,0.1262
3,50.1000,0.0216,0.1262
3,48.8000,0.0224,0.1359
3,48.1000,0.0233,0.1359
3,47.1000,0.0241,0.1359
3,46.2000,0.0249,0.1456
3,45.6000,0.0258,0.1553
3,44.8000,0.0266,0.1553
3,44.2000,0.0273,0.1650
3,43.6000,0.0281,0.1650
3,42.8000,0.0291,0.1650
3,42.0000,0.0299,0.1650
3,41.6000,0.0307,0.1650
3,40.7000,0.0317,0.1650
3,40.3000,0.0325,0.1650
3,39.7000,0.0333,0.1650
3,39.3000,0.0341,0.1845
3,38.6000,0.0350,0.1845
3,38.0000,0.0359,0.1845
3,37.4000,0.0366,0.1942
3,36.9000,0.0376,0.1942
3,36.4000,0.0383,0.2136
3,35.9000,0.0390,0.2330
3,35.3000,0.0399,0.2330
3,34.7000,0.0407,0.2330
3,34.2000,0.0415,0.2330
3,33.7000,0.0423,0.2621
3,33.1000,0.0431,0.2621
3,32.6000,0.0439,0.2718
3,32.1000,0.0448,0.2913
3,31.7000,0.0456,0.2913
3,31.3000,0.0464,0.3107
3,30.7000,0.0472,0.3204
3,30.2000,0.0480,0.3398
3,29.7000,0.0487,0.3592
3,29.4000,0.0495,0.3592
3,29.0000,0.0505,0.3592
3,28.6000,0.0512,0.3592
3,28.2000,0.0520,0.3592
3,27.8000,0.0530,0.3592
3,27.5000,0.0538,0.3786
3,27.2000,0.0546,0.3883
3,26.8000,0.0553,0.3981
3,26.4000,0.0562,0.4078
3,26.1000,0.0570,0.4175
3,25.7000,0.0578,0.4175
3,25.4000,0.0588,0.4272
3,25.2000,0.0594,0.4369
3,24.9000,0.0602,0.4369
3,24.5000,0.0611,0.4466
3,24.3000,0.0618,0.4660
3,23.9000,0.0628,0.4660
3,23.7000,0.0635,0.4757
3,23.4000,0.0645,0.4951
3,23.2000,0.0651,0.4951
3,22.9000,0.0661,0.5146
3,22.6000,0.0668,0.5146
3,22.3000,0.0677,0.5340
3,22.1000,0.0685,0.5340
3,21.7000,0.0693,0.5340
3,21.5000,0.0700,0.5340
3,21.2000,0.0709,0.5340
3,21.0000,0.0717,0.5437
3,20.7000,0.0728,0.5534
3,20.5000,0.0733,0.5534
3,20.2000,0.0743,0.6019
3,20.0000,0.0749,0.6214
3,19.7000,0.0757,0.6408
3,19.5000,0.0765,0.6505
3,19.2000,0.0772,0.6602
3,18.8000,0.0782,0.6699
3,18.6000,0.0788,0.6699
3,18.2000,0.0800,0.6699
3,18.0000,0.0805,0.6699
3,17.7000,0.0816,0.6699
3,17.5000,0.0824,0.6699
5,160.6000,0.0009,0.0000
5,148.4000,0.0018,0.0000
5,136.5000,0.0027,0.0000
5,129.2000,0.0036,0.0097
5,124.9000,0.0044,0.0388
5,120.6000,0.0052,0.0680
5,115.9000,0.0061,0.0680
5,113.2000,0.0069,0.0971
5,109.6000,0.0079,0.0971
5,105.7000,0.0088,0.0971
5,102.6000,0.0097,0.0971
5,100.5000,0.0106,0.0971
5,97.9000,0.0115,0.0971
5,95.4000,0.0123,0.1068
5,93.1000,0.0132,0.1165
5,90.5000,0.0141,0.1262
5,88.9000,0.0151,0.1262
5,87.1000,0.0160,0.1262
5,85.4000,0.0168,0.1262
5,84.0000,0.0178,0.1262
5,82.5000,0.0187,0.1262
5,81.1000,0.0196,0.1262
5,79.6000,0.0204,0.1359
5,78.6000,0.0214,0.1359
5,77.3000,0.0222,0.1359
5,76.4000,0.0230,0.1359
5,75.1000,0.0241,0.1359
5,74.0000,0.0250,0.1359
5,72.5000,0.0259,0.1359
5,71.3000,0.0269,0.1359
5,70.3000,0.0277,0.1359
5,69.1000,0.0287,0.1359
5,67.9000,0.0295,0.1359
5,67.0000,0.0304,0.1456
5,66.0000,0.0314,0.1553
5,65.4000,0.0321,0.1553
5,64.5000,0.0331,0.1650
5,63.5000,0.0340,0.1748
5,62.8000,0.0349,0.1748
5,61.9000,0.0358,0.1845
5,61.0000,0.0366,0.1942
5,60.0000,0.0374,0.2039
5,59.1000,0.0384,0.2136
5,58.3000,0.0392,0.2136
5,57.4000,0.0401,0.2330
5,56.2000,0.0410,0.2427
5,55.5000,0.0418,0.2427
5,54.9000,0.0427,0.2427
5,54.2000,0.0437,0.2621
5,53.5000,0.0445,0.2816
5,52.9000,0.0455,0.2913
5,52.2000,0.0462,0.3107
5,51.4000,0.0471,0.3107
5,50.7000,0.0479,0.3204
5,50.0000,0.0488,0.3398
5,49.3000,0.0498,0.3398
5,48.7000,0.0506,0.3592
5,48.2000,0.0514,0.3689
5,47.4000,0.0524,0.3689
5,46.7000,0.0533,0.3786
5,46.1000,0.0540,0.3981
5,45.6000,0.0549,0.4175
5,44.9000,0.0557,0.4369
5,44.4000,0.0565,0.4466
5,43.7000,0.0574,0.4466
5,43.2000,0.0584,0.4466
5,42.5000,0.0593,0.4466
5,42.0000,0.0602,0.4466
5,41.4000,0.0612,0.4466
5,41.0000,0.0623,0.4466
5,40.7000,0.0630,0.4466
5,40.2000,0.0639,0.4466
5,39.6000,0.0648,0.4563
5,39.1000,0.0657,0.4660
5,38.5000,0.0664,0.4854
5,37.8000,0.0675,0.4951
5,37.5000,0.0682,0.4951
5,37.0000,0.0691,0.4951
5,36.5000,0.0700,0.4951
5,36.1000,0.0709,0.4951
5,35.7000,0.0719,0.4951
5,35.1000,0.0727,0.5049
5,34.7000,0.0735,0.5243
5,34.2000,0.0743,0.5437
5,33.5000,0.0753,0.5534
5,33.0000,0.0762,0.5922
5,32.6000,0.0769,0.5922
5,32.2000,0.0780,0.5922
5,31.8000,0.0788,0.6117
5,31.4000,0.0797,0.6117
5,31.0000,0.0804,0.6214
5,30.4000,0.0815,0.6408
5,30.0000,0.0822,0.6602
5,29.6000,0.0830,0.6699
5,29.2000,0.0840,0.6699
5,28.8000,0.0849,0.6796
5,28.4000,0.0858,0.6796
5,28.1000,0.0866,0.6893
5,27.6000,0.0875,0.6893
5,27.2000,0.0884,0.6990
7,208.4000,0.0010,0.0000
7,192.4000,0.0019,0.0000
7,177.0000,0.0028,0.0097
7,167.5000,0.0037,0.0291
7,161.7000,0.0046,0.0388
7,151.7000,0.0056,0.0485
7,145.6000,0.0064,0.0583
7,142.6000,0.0073,0.0583
7,139.8000,0.0082,0.0777
7,135.8000,0.0092,0.0874
7,133.0000,0.0101,0.0874
7,129.9000,0.0109,0.1068
7,126.9000,0.0119,0.1068
7,123.7000,0.0129,0.1165
7,121.4000,0.0138,0.1165
7,118.2000,0.0147,0.1165
7,116.1000,0.0157,0.1165
7,113.1000,0.0166,0.1359
7,111.5000,0.0175,0.1359
7,109.7000,0.0184,0.1359
7,107.6000,0.0194,0.1456
7,105.9000,0.0203,0.1456
7,104.2000,0.0212,0.1456
7,103.2000,0.0222,0.1456
7,101.3000,0.0231,0.1456
7,99.6000,0.0241,0.1456
7,98.4000,0.0250,0.1456
7,96.3000,0.0260,0.1456
7,95.2000,0.0269,0.1553
7,93.4000,0.0279,0.1553
7,92.4000,0.0287,0.1650
7,91.1000,0.0298,0.1650
7,90.2000,0.0307,0.1650
7,89.4000,0.0316,0.1650
7,88.1000,0.0325,0.1650
7,86.9000,0.0335,0.1650
7,85.0000,0.0344,0.1650
7,83.9000,0.0354,0.1650
7,82.7000,0.0363,0.1748
7,81.5000,0.0372,0.1845
7,80.7000,0.0382,0.1845
7,79.5000,0.0389,0.2330
7,78.2000,0.0397,0.2621
7,77.2000,0.0406,0.2718
7,76.5000,0.0416,0.2718
7,75.9000,0.0424,0.2816
7,74.9000,0.0433,0.2913
7,73.9000,0.0443,0.2913
7,72.8000,0.0453,0.3010
7,71.7000,0.0462,0.3107
7,70.8000,0.0471,0.3204
7,69.6000,0.0480,0.3398
7,68.6000,0.0489,0.3495
7,67.8000,0.0499,0.3495
7,66.8000,0.0507,0.3689
7,66.2000,0.0517,0.3689
7,65.4000,0.0526,0.3689
7,64.7000,0.0534,0.3883
7,63.9000,0.0544,0.3981
7,63.5000,0.0552,0.4175
7,62.8000,0.0562,0.4175
7,61.8000,0.0571,0.4175
7,61.0000,0.0580,0.4175
7,60.4000,0.0590,0.4175
7,59.5000,0.0600,0.4175
7,58.6000,0.0611,0.4175
7,57.9000,0.0619,0.4369
7,57.2000,0.0627,0.4563
7,56.6000,0.0636,0.4563
7,55.7000,0.0646,0.4563
7,55.0000,0.0655,0.4563
7,54.5000,0.0664,0.4563
7,53.7000,0.0673,0.4854
7,53.1000,0.0682,0.4854
7,52.1000,0.0693,0.4854
7,51.3000,0.0701,0.4854
7,50.6000,0.0710,0.5049
7,49.9000,0.0719,0.5049
7,49.2000,0.0729,0.5049
7,48.3000,0.0738,0.5146
7,47.6000,0.0747,0.5437
7,47.0000,0.0757,0.5437
7,46.3000,0.0765,0.5437
7,45.7000,0.0776,0.5437
7,44.8000,0.0785,0.5437
7,44.2000,0.0792,0.5631
7,43.6000,0.0802,0.5728
7,43.1000,0.0811,0.5825
7,42.6000,0.0820,0.5922
7,42.1000,0.0830,0.5922
7,41.3000,0.0841,0.5922
7,41.0000,0.0847,0.6117
7,40.4000,0.0857,0.6117
7,39.8000,0.0867,0.6214
7,39.3000,0.0876,0.6408
7,38.9000,0.0883,0.6505
7,38.2000,0.0894,0.6602
7,37.8000,0.0902,0.6602
7,37.3000,0.0912,0.6796
7,36.9000,0.0920,0.6990
